MFF 	LogUser
enrolled 	LogAction
CS260 Human Computer Interaction 	LogResource
ANB 	LogUser
enrolled 	LogAction
CS260 Human Computer Interaction 	LogResource
MU 	LogUser
enrolled 	LogAction
CS260 Human Computer Interaction 	LogResource
KK 	LogUser
enrolled 	LogAction
CS260 Human Computer Interaction 	LogResource
SA 	LogUser
enrolled 	LogAction
CS260 Human Computer Interaction 	LogResource
MFF 	LogUser
viewed 	LogAction
course 	LogInformation
CS260 Human Computer Interaction 	LogResource
ANB 	LogUser
viewed 	LogAction
course 	LogInformation
CS260 Human Computer Interaction 	LogResource
MU 	LogUser
viewed 	LogAction
course 	LogInformation
CS260 Human Computer Interaction 	LogResource
SA 	LogUser
viewed 	LogAction
course 	LogInformation
CS260 Human Computer Interaction 	LogResource
KK 	LogUser
viewed 	LogAction
course 	LogInformation
CS260 Human Computer Interaction.	LogResource
AHK 	LogUser
viewed 	LogAction
course 	LogInformation
CS260 Human Computer Interaction 	LogResource
AHK 	LogUser
enrolled 	LogAction
CS260 Human Computer Interaction.	LogResource
SA 	LogUser
enrolled 	LogAction
CS260 Human Computer Interaction 	LogResource
 h	LogUser
viewed 	LogAction
course 	LogResource
CS260 Human Computer Interaction.	LogResource
viewed 	LogAction
KK 	LogUser
course 	LogInformation
CS260 Human Computer Interaction 	LogResource
HM 	LogUser
viewed 	LogAction
course 	LogInformation
CS260 Human Computer Interaction 	LogResource
HM 	LogUser
enrolled 	LogAction
CS260 Human Computer Interaction 	LogResource
DA 	LogUser
enrolled 	LogAction
CS260 Human Computer Interaction.	LogResource
MFF 	LogUser
viewed 	LogAction
course 	LogInformation
CS260 Human Computer Interaction 	LogResource
ANB 	LogUser
viewed 	LogAction
course 	LogInformation
CS260 Human Computer Interaction.	LogResource
AUM 	LogUser
enrolled 	LogAction
CS260 Human Computer Interaction 	LogResource
AUM 	LogUser
viewed 	LogAction
course 	LogInformation
CS260 Human Computer Interaction a	LogResource
HM 	LogUser
viewed 	LogAction
course 	LogInformation
CS260 Human Computer Interaction 	LogResource
MA 	LogUser
viewed 	LogAction
course 	LogInformation
CS260 Human Computer Interaction.	LogResource
MS 	LogAction
viewed 	LogAction
course 	LogInformation
CS260 Human Computer Interaction 	LogResource
MA 	LogUser
viewed 	LogAction
course 	LogInformation
CS260 Human Computer Interaction 	LogResource
MA 	LogUser
enrolled 	LogAction
CS260 Human Computer Interaction.	LogResource
AS 	LogUser
viewed 	LogAction
course 	LogInformation
CS260 Human Computer Interaction.	LogResource
AS 	LogUser
viewed 	LogAction
course 	LogInformation
CS260 Human Computer Interaction.	LogResource
SA 	LogUser
viewed 	LogAction
course 	LogInformation
CS260 Human Computer Interaction 	LogResource
KK 	LogUser
viewed 	LogAction
course 	LogInformation
CS260 Human Computer Interaction.	LogResource
RA 	LogUser
enrolled 	LogAction
CS260 Human Computer Interaction 	LogResource
RA 	LogUser
viewed 	LogAction
course 	LogInformation
CS260 Human Computer Interaction.	LogResource
AS 	LogUser
viewed 	LogAction
course 	LogInformation
CS260 Human Computer Interaction.	LogResource
HM 	LogUser
viewed 	LogAction
course 	LogInformation
CS260 Human Computer Interaction.	LogResource
DA 	LogUser
viewed 	LogAction
course 	LogInformation
CS260 Human Computer Interaction.	LogResource
UZ 	LogUser
viewed 	LogAction
course 	LogInformation
CS260 Human Computer Interaction 	LogResource
UZ 	LogUser
enrolled 	LogAction
CS260 Human Computer Interaction.	LogResource
SA 	LogUser
viewed 	LogAction
course 	LogInformation
CS260 Human Computer Interaction.	LogResource
SA 	LogUser
viewed 	LogAction
course 	LogInformation
CS260 Human Computer Interaction.	LogResource
KK h	LogUser
viewed 	LogAction
course 	LogInformation
CS260 Human Computer Interaction.	LogResource
NSC 	LogUser
viewed 	LogAction
course 	LogInformation
CS260 Human Computer Interaction.	LogResource
ML 	LogUser
enrolled 	LogAction
CS260 Human Computer Interaction 	LogResource
ML 	LogUser
viewed 	LogAction
course 	LogInformation
CS260 Human Computer Interaction.	LogResource
NZ 	LogUser
enrolled 	LogAction
CS260 Human Computer Interaction.	LogResource
SNK 	LogUser
enrolled 	LogAction
CS260 Human Computer Interaction 	LogResource
SNK 	LogUser
viewed 	LogAction
course 	LogInformation
CS260 Human Computer Interaction.	LogResource
NSC 	LogUser
enrolled 	LogAction
CS260 Human Computer Interaction 	LogResource
NSC 	LogUser
viewed 	LogAction
course 	LogInformation
CS260 Human Computer Interaction.	LogResource
UUH 	LogUser
enrolled 	LogAction
CS260 Human Computer Interaction 	LogResource
AS 	LogUser
enrolled 	LogAction
CS260 Human Computer Interaction 	LogResource
UUH 	LogUser
viewed 	LogAction
course 	LogInformation
CS260 Human Computer Interaction 	LogResource
AS 	LogUser
viewed 	LogAction
course 	LogInformation
CS260 Human Computer Interaction.	LogResource
HS 	LogUser
enrolled 	LogAction
CS260 Human Computer Interaction 	LogResource
KAP 	LogUser
enrolled 	LogAction
CS260 Human Computer Interaction 	LogResource
MAZ 	LogUser
CS260 Human Computer Interaction 	LogResource
HK 	LogUser
enrolled 	LogAction
CS260 Human Computer Interaction 	LogResource
HS 	LogUser
viewed 	LogAction
course 	LogInformation
CS260 Human Computer Interaction 	LogResource
KAP 	LogUser
viewed 	LogAction
course 	LogInformation
CS260 Human Computer Interaction 	LogResource
MAZ 	LogUser
viewed 	LogAction
course 	LogInformation
CS260 Human Computer Interaction 	LogResource
HK 	LogUser
viewed 	LogAction
course 	LogInformation
CS260 Human Computer Interaction.	LogResource
DA 	LogUser
viewed 	LogAction
forum discussion 	LogInformation
Learning course 	LogResource
SMH 	LogUser
viewed 	LogAction
forum discussion 	LogInformation
Learning course 	LogResource
KK 	LogUser
viewed 	LogAction
forum discussion 	LogInformation
Learning course 	LogResource
DA 	LogUser
viewed 	LogAction
forum discussion 	LogInformation
News forum 	LogResource
SMH 	LogUser
viewed 	LogAction
forum discussion 	LogInformation
News forum 	LogResource
KK 	LogUser
viewed 	LogAction
forum discussion 	LogInformation
News forum 	LogResource
DA 	LogUser
viewed 	LogAction
forum discussion 	LogInformation
CS260 Human Computer Interaction 	LogResource
SMH 	LogUser
viewed 	LogAction
forum discussion 	LogInformation
CS260 Human Computer Interaction 	LogResource
KK 	LogUser
viewed 	LogAction
forum discussion 	LogInformation
CS260 Human Computer Interaction 	LogResource
DA 	LogUser
viewed 	LogAction
forum topic 	LogInformation
Learning course 	LogResource
SMH 	LogUser
viewed 	LogAction
forum topic 	LogInformation
Learning course 	LogResource
KK 	LogUser
viewed 	LogAction
forum topic 	LogInformation
Learning course 	LogResource
DA 	LogUser
viewed 	LogAction
forum topic 	LogInformation
News forum 	LogResource
SMH 	LogUser
viewed 	LogAction
forum topic 	LogInformation
News forum 	LogResource
KK 	LogUser
viewed 	LogAction
forum topic 	LogInformation
News forum 	LogResource
DA 	LogUser
viewed 	LogAction
forum topic 	LogInformation
CS260 Human Computer Interaction 	LogResource
SMH 	LogUser
viewed 	LogAction
forum topic 	LogInformation
CS260 Human Computer Interaction 	LogResource
KK 	LogUser
viewed 	LogAction
forum topic 	LogInformation
CS260 Human Computer Interaction 	LogResource
DA 	LogUser
viewed 	LogAction
course 	LogInformation
Learning course 	LogResource
DA 	LogUser
viewed 	LogAction
course 	LogInformation
News forum 	LogResource
DA 	LogUser
viewed 	LogAction
course 	LogInformation
CS260 Human Computer Interaction.	LogResource
MS 	LogUser
viewed 	LogAction
forum discussion 	LogInformation
Learning course 	LogResource
MS 	LogUser
viewed 	LogAction
forum discussion 	LogInformation
CS260 Human Computer Interaction 	LogResource
MS 	LogUser
viewed 	LogAction
forum discussion 	LogInformation
News forum 	LogResource
MS 	LogUser
viewed 	LogAction
forum discussion 	LogInformation
CS260-Lecture-10b-HCI Projects 	LogResource
MS 	LogUser
viewed 	LogAction
course 	LogInformation
Learning course 	LogResource
MS 	LogUser
viewed 	LogAction
course 	LogInformation
CS260 Human Computer Interaction 	LogResource
MS 	LogUser
viewed 	LogAction
course 	LogInformation
News forum 	LogResource
MS 	LogUser
viewed 	LogAction
course 	LogInformation
CS260-Lecture-10b-HCI Projects 	LogResource
MS 	LogUser
viewed 	LogAction
forum topic 	LogInformation
Learning course 	LogResource
MS 	LogUser
viewed 	LogAction
forum topic 	LogInformation
CS260 Human Computer Interaction 	LogResource
MS 	LogUser
viewed 	LogAction
forum topic 	LogInformation
News forum 	LogResource
MS 	LogUser
viewed 	LogAction
forum topic 	LogInformation
CS260-Lecture-10b-HCI Projects 	LogResource
MS 	LogUser
viewed 	LogAction
resource 	LogInformation
Learning course 	LogResource
MS 	LogUser
viewed 	LogAction
resource 	LogInformation
CS260 Human Computer Interaction 	LogResource
MS 	LogUser
viewed 	LogAction
resource 	LogInformation
News forum 	LogResource
MS 	LogUser
viewed 	LogAction
resource 	LogInformation
CS260-Lecture-10b-HCI Projects.	LogResource
SA 	LogUser
viewed 	LogAction
forum discussion 	LogInformation
Project across section? 	LogResource
viewed 	LogAction
SA 	LogUser
forum discussion 	LogInformation
CS260 Human Computer Interaction 	LogResource
SA 	LogUser
viewed 	LogAction
forum discussion 	LogInformation
News forum 	LogResource
SA 	LogUser
viewed 	LogAction
course 	LogInformation
Project across section? 	LogResource
viewed 	LogAction
SA 	LogUser
course 	LogInformation
CS260 Human Computer Interaction 	LogResource
SA 	LogUser
viewed 	LogAction
course 	LogInformation
News forum 	LogResource
SA 	LogUser
viewed 	LogAction
forum topic 	LogInformation
Project across section? 	LogResource
SA 	LogUser
viewed 	LogAction
forum topic 	LogInformation
CS260 Human Computer Interaction 	LogResource
SA 	LogUser
viewed 	LogAction
forum topic 	LogInformation
News forum.	LogResource
KK 	LogUser
viewed 	LogAction
forum discussion 	LogInformation
HCI 	LogResource
AS 	LogUser
viewed 	LogAction
forum discussion 	LogInformation
HCI 	LogResource
HM 	LogUser
viewed 	LogAction
forum discussion 	LogInformation
HCI 	LogResource
AS 	LogUser
viewed 	LogAction
forum discussion 	LogInformation
Understandable/Confusing Design 	LogResource
HM 	LogUser
viewed 	LogAction
forum discussion 	LogInformation
Understandable/Confusing Design 	LogResource
AS 	LogUser
viewed 	LogAction
forum topic 	LogInformation
HCI 	LogResource
HM 	LogUser
viewed 	LogAction
forum topic 	LogInformation
HCI 	LogResource
AS 	LogUser
viewed 	LogAction
forum topic 	LogInformation
Understandable/Confusing Design 	LogResource
HM 	LogUser
viewed 	LogAction
forum topic 	LogInformation
Understandable/Confusing Design.	LogResource
DA 	LogUser
viewed 	LogAction
forum discussion 	LogInformation
HCI 	LogResource
DA 	LogUser
viewed 	LogAction
forum discussion 	LogInformation
CS260 Human Computer Interaction 	LogResource
DA 	LogUser
viewed 	LogAction
forum discussion 	LogInformation
General HCI Discussions 	LogResource
DA 	LogUser
viewed 	LogAction
forum discussion 	LogInformation
News forum 	LogResource
DA 	LogUser
viewed 	LogAction
forum discussion 	LogInformation
Understandable/Confusing Design 	LogResource
DA 	LogUser
viewed 	LogAction
course 	LogInformation
HCI 	LogResource
DA 	LogUser
viewed 	LogAction
course 	LogInformation
CS260 Human Computer Interaction 	LogResource
DA 	LogUser
viewed 	LogAction
course 	LogInformation
General HCI Discussions 	LogResource
DA 	LogUser
viewed 	LogAction
course 	LogInformation
News forum 	LogResource
DA 	LogUser
viewed 	LogAction
course 	LogInformation
Understandable/Confusing Design 	LogResource
DA 	LogUser
viewed 	LogAction
forum topic 	LogInformation
HCI 	LogResource
DA 	LogUser
viewed 	LogAction
forum topic 	LogInformation
CS260 Human Computer Interaction 	LogResource
DA 	LogUser
viewed 	LogAction
forum topic 	LogInformation
General HCI Discussions 	LogResource
DA 	LogUser
viewed 	LogAction
forum topic 	LogInformation
News forum 	LogResource
DA 	LogUser
viewed 	LogAction
forum topic 	LogInformation
Understandable/Confusing Design 	LogResource
DA 	LogUser
viewed 	LogAction
forum topic 	LogInformation
HCI 	LogResource
DA 	LogUser
viewed 	LogAction
forum topic 	LogInformation
CS260 Human Computer Interaction 	LogResource
DA 	LogUser
viewed 	LogAction
forum topic 	LogInformation
General HCI Discussions 	LogResource
DA 	LogUser
viewed 	LogAction
forum topic 	LogInformation
News forum 	LogResource
DA 	LogUser
viewed 	LogAction
forum topic 	LogInformation
Understandable/Confusing Design 	LogResource
DA 	LogUser
viewed 	LogAction
forum topic 	LogInformation
HCI 	LogResource
DA 	LogUser
viewed 	LogAction
forum topic 	LogInformation
DA 	LogUser
viewed 	LogAction
forum topic 	LogInformation
General HCI Discussions 	LogResource
DA 	LogUser
viewed 	LogAction
forum topic 	LogInformation
News forum 	LogResource
DA h	LogUser
viewed 	LogAction
forum topic 	LogInformation
Understandable/Confusing Design.	LogResource
MMA 	LogUser
viewed 	LogAction
forum topic 	LogInformation
Understandable/Confusing Design 	LogResource
MMA 	LogUser
viewed 	LogAction
forum topic 	LogInformation
General HCI Discussions 	LogResource
MMA 	LogUser
viewed 	LogAction
forum topic 	LogInformation
News forum 	LogResource
MMA 	LogUser
viewed 	LogAction
forum topic 	LogInformation
Alacarte Design 	LogResource
MMA 	LogUser
viewed 	LogAction
forum topic 	LogInformation
Suggestions/feedback on various projects 	LogResource
MMA 	LogUser
viewed 	LogAction
forum topic 	LogInformation
A tricoder 	LogResource
MMA 	LogUser
viewed 	LogAction
forum topic 	LogInformation
MMA 	LogUser
viewed 	LogAction
forum topic 	LogInformation
Understandable/Confusing Design 	LogResource
MMA 	LogUser
viewed 	LogAction
forum topic 	LogInformation
General HCI Discussions 	LogResource
MMA 	LogUser
viewed 	LogAction
forum topic 	LogInformation
News forum 	LogResource
MMA 	LogUser
viewed 	LogAction
forum topic 	LogInformation
Alacarte Design 	LogResource
MMA 	LogUser
viewed 	LogAction
forum topic 	LogInformation
Suggestions/feedback on various projects 	LogResource
MMA 	LogUser
viewed 	LogAction
forum topic 	LogInformation
A tricoder 	LogResource
MMA 	LogUser
viewed 	LogAction
forum topic 	LogInformation
MMA 	LogUser
viewed 	LogAction
forum topic 	LogInformation
Understandable/Confusing Design 	LogResource
MMA 	LogUser
viewed 	LogAction
forum topic 	LogInformation
General HCI Discussions 	LogResource
MMA 	LogUser
viewed 	LogAction
forum topic 	LogInformation
News forum 	LogResource
MMA 	LogUser
viewed 	LogAction
forum topic 	LogInformation
Alacarte Design 	LogResource
MMA 	LogUser
viewed 	LogAction
forum topic 	LogInformation
Suggestions/feedback on various projects 	LogResource
MMA 	LogUser
viewed 	LogAction
forum topic 	LogInformation
A tricoder 	LogResource
MMA 	LogUser
viewed 	LogAction
forum topic 	LogInformation
MMA 	LogUser
viewed 	LogAction
forum discussion 	LogInformation
Understandable/Confusing Design 	LogResource
MMA 	LogUser
viewed 	LogAction
forum discussion 	LogInformation
General HCI Discussions 	LogResource
MMA 	LogUser
viewed 	LogAction
forum discussion 	LogUser
News forum 	LogResource
MMA 	LogUser
viewed 	LogAction
forum discussion 	LogUser
Alacarte Design 	LogResource
MMA 	LogUser
viewed 	LogAction
forum discussion 	LogUser
Suggestions/feedback on various projects 	LogResource
MMA 	LogUser
viewed 	LogAction
forum discussion 	LogUser
A tricoder 	LogResource
MMA 	LogUser
viewed 	LogAction
forum discussion 	LogUser
MMA 	LogUser
viewed 	LogAction
forum discussion 	LogUser
Understandable/Confusing Design 	LogResource
MMA 	LogUser
viewed 	LogAction
forum discussion 	LogUser
General HCI Discussions 	LogResource
MMA 	LogUser
viewed 	LogAction
forum discussion 	LogInformation
News forum 	LogResource
MMA 	LogUser
viewed 	LogAction
forum discussion 	LogInformation
Alacarte Design 	LogResource
MMA 	LogUser
viewed 	LogAction
forum discussion 	LogInformation
Suggestions/feedback on various projects 	LogResource
MMA 	LogUser
viewed 	LogAction
forum discussion 	LogInformation
A tricoder 	LogResource
MMA 	LogUser
viewed 	LogAction
forum discussion 	LogInformation
MMA 	LogUser
viewed 	LogAction
forum discussion 	LogInformation
Understandable/Confusing Design 	LogResource
MMA 	LogUser
viewed 	LogAction
forum discussion 	LogInformation
General HCI Discussions 	LogResource
MMA 	LogUser
viewed 	LogAction
forum discussion 	LogInformation
News forum 	LogResource
MMA 	LogUser
viewed 	LogAction
forum discussion 	LogInformation
Alacarte Design 	LogResource
MMA 	LogUser
viewed 	LogAction
forum discussion 	LogInformation
Suggestions/feedback on various projects 	LogResource
MMA 	LogUser
viewed 	LogAction
forum discussion 	LogInformation
A tricoder 	LogResource
MMA 	LogUser
viewed 	LogAction
forum discussion 	LogInformation
MMA 	LogUser
viewed 	LogAction
forum discussion 	LogInformation
MMA 	LogUser
viewed 	LogAction
forum discussion 	LogInformation
General HCI Discussions 	LogResource
MMA 	LogUser
viewed 	LogAction
forum discussion 	LogInformation
News forum 	LogResource
MMA 	LogUser
viewed 	LogAction
forum discussion 	LogInformation
Alacarte Design 	LogResource
MMA 	LogUser
viewed 	LogAction
forum discussion 	LogInformation
Suggestions/feedback on various projects 	LogResource
MMA 	LogUser
viewed 	LogAction
forum discussion 	LogInformation
A tricoder 	LogResource
MMA 	LogUser
viewed 	LogAction
forum discussion 	LogInformation
SMH 	LogUser
viewed 	LogAction
forum topic 	LogInformation
Understandable/Confusing Design 	LogResource
SMH 	LogUser
viewed 	LogAction
forum topic 	LogUser
Bad cup design! 	LogResource
SMH 	LogUser
viewed 	LogAction
forum topic 	LogUser
General HCI Discussions 	LogResource
SMH 	LogUser
viewed 	LogAction
forum topic 	LogInformation
Alacarte Design 	LogResource
SMH 	LogUser
viewed 	LogAction
forum discussion 	LogInformation
Understandable/Confusing Design 	LogResource
SMH 	LogUser
viewed 	LogAction
forum discussion 	LogInformation
Bad cup design! 	LogResource
SMH 	LogUser
viewed 	LogAction
forum discussion 	LogInformation
General HCI Discussions 	LogResource
SMH 	LogUser
viewed 	LogAction
forum discussion 	LogInformation
Alacarte Design 	LogResource
SMH 	LogUser
viewed 	LogAction
forum topic 	LogInformation
Understandable/Confusing Design 	LogResource
SMH 	LogUser
viewed 	LogAction
forum topic 	LogInformation
Bad cup design! 	LogResource
SMH 	LogUser
viewed 	LogAction
forum topic 	LogInformation
General HCI Discussions 	LogResource
SMH 	LogUser
viewed 	LogAction
forum topic 	LogInformation
Alacarte Design 	LogResource
SMH 	LogUser
viewed 	LogAction
forum discussion 	LogInformation
Understandable/Confusing Design 	LogResource
SMH 	LogUser
viewed 	LogAction
forum discussion 	LogInformation
SMH 	LogUser
viewed 	LogAction
forum discussion 	LogInformation
General HCI Discussions 	LogResource
SMH 	LogUser
viewed 	LogAction
forum discussion 	LogInformation
Alacarte Design 	LogResource
viewed 	LogAction
SAEH 	LogUser
SAEH 	LogUser
forum topic 	LogInformation
viewed 	LogAction
forum topic 	LogInformation
Understandable/Confusing Design 	LogResource
SAEH 	LogUser
viewed 	LogAction
forum topic 	LogInformation
General HCI Discussions 	LogResource
SAEH 	LogUser
viewed 	LogAction
forum topic 	LogInformation
Alacarte Design 	LogResource
SAEH 	LogUser
viewed 	LogAction
forum topic 	LogInformation
SAEH 	LogUser
viewed 	LogAction
forum topic 	LogInformation
Understandable/Confusing Design 	LogResource
SAEH 	LogUser
viewed 	LogAction
forum topic 	LogInformation
General HCI Discussions 	LogResource
SAEH 	LogUser
viewed 	LogAction
forum topic 	LogInformation
Alacarte Design 	LogResource
SAEH 	LogUser
viewed 	LogAction
forum discussion 	LogInformation
SAEH 	LogUser
viewed 	LogAction
forum discussion 	LogInformation
Understandable/Confusing Design 	LogResource
SAEH 	LogUser
viewed 	LogAction
forum discussion 	LogInformation
General HCI Discussions 	LogResource
SAEH 	LogUser
viewed 	LogAction
forum discussion 	LogInformation
Alacarte Design 	LogResource
HM 	LogUser
viewed 	LogAction
forum topic 	LogInformation
Understandable/Confusing Design 	LogResource
HM 	LogUser
viewed 	LogAction
forum topic 	LogInformation
CS260 Human Computer Interaction 	LogResource
HM 	LogUser
viewed 	LogAction
forum topic 	LogInformation
HCI 	LogResource
KAP 	LogUser
viewed 	LogAction
course 	LogInformation
Understandable/Confusing Design 	LogResource
RA 	LogUser
viewed 	LogAction
course 	LogInformation
Understandable/Confusing Design 	LogResource
KAP 	LogUser
viewed 	LogAction
course 	LogInformation
CS260 Human Computer Interaction 	LogResource
RA 	LogUser
viewed 	LogAction
course 	LogInformation
CS260 Human Computer Interaction 	LogResource
KAP 	LogUser
viewed 	LogAction
course 	LogInformation
HCI 	LogResource
RA 	LogUser
viewed 	LogAction
course 	LogInformation
HCI 	LogResource
MFF 	LogUser
viewed 	LogAction
forum discussion 	LogInformation
Understandable/Confusing Design 	LogResource
MFF 	LogUser
viewed 	LogAction
forum discussion 	LogInformation
CS260 Human Computer Interaction 	LogResource
MFF 	LogUser
viewed 	LogAction
forum discussion 	LogInformation
HCI 	LogResource
HK 	LogUser
viewed 	LogAction
forum topic 	LogInformation
General HCI Discussions 	LogResource
HK 	LogUser
viewed 	LogAction
forum topic 	LogInformation
CS260 Human Computer Interaction 	LogResource
HK 	LogUser
viewed 	LogAction
forum topic 	LogInformation
Understandable/Confusing Design 	LogResource
HK 	LogUser
viewed 	LogAction
forum topic 	LogInformation
HCI 	LogResource
HK 	LogUser
viewed 	LogAction
forum topic 	LogInformation
Bad cup design! 	LogResource
HK 	LogUser
viewed 	LogAction
course 	LogInformation
General HCI Discussions 	LogResource
HK h	LogUser
viewed 	LogAction
course 	LogInformation
CS260 Human Computer Interaction 	LogResource
HK 	LogUser
viewed 	LogAction
course 	LogInformation
Understandable/Confusing Design 	LogResource
HK 	LogUser
viewed 	LogAction
course 	LogInformation
HCI 	LogResource
HK 	LogUser
viewed 	LogAction
course 	LogInformation
Bad cup design! 	LogResource
HK 	LogUser
viewed 	LogUser
forum topic 	LogInformation
General HCI Discussions 	LogResource
HK 	LogUser
viewed 	LogAction
forum topic 	LogInformation
CS260 Human Computer Interaction 	LogResource
HK 	LogUser
viewed 	LogAction
forum topic 	LogInformation
Understandable/Confusing Design 	LogResource
HK 	LogUser
viewed 	LogAction
forum topic 	LogInformation
HCI 	LogResource
HK 	LogUser
viewed 	LogAction
forum topic 	LogInformation
Bad cup design! 	LogResource
HK 	LogUser
viewed 	LogAction
forum discussion 	LogInformation
General HCI Discussions 	LogResource
HK 	LogUser
viewed 	LogAction
forum discussion 	LogInformation
CS260 Human Computer Interaction 	LogResource
HK 	LogUser
viewed 	LogAction
forum discussion 	LogInformation
Understandable/Confusing Design 	LogResource
HK 	LogUser
viewed 	LogResource
forum discussion 	LogInformation
HCI 	LogResource
HK 	LogUser
viewed 	LogAction
forum discussion 	LogInformation
Bad cup design! 	LogResource
HK 	LogUser
viewed 	LogAction
forum discussion 	LogInformation
General HCI Discussions 	LogResource
HK 	LogUser
viewed 	LogAction
forum discussion 	LogInformation
CS260 Human Computer Interaction 	LogResource
HK 	LogUser
viewed 	LogAction
forum discussion 	LogInformation
Understandable/Confusing Design 	LogResource
HK 	LogUser
viewed 	LogAction
forum discussion 	LogInformation
HCI 	LogResource
HK 	LogUser
viewed 	LogAction
forum discussion 	LogInformation
Bad cup design!.	LogResource
MA 	LogUser
viewed 	LogAction
resource 	LogInformation
CS260-Lecture-10b-HCI Projects 	LogResource
MA 	LogUser
viewed 	LogAction
resource 	LogInformation
CS260-Lecture-9-10-DontMakeMeThink 	LogResource
MA 	LogUser
viewed 	LogAction
resource 	LogInformation
CS260-Lecture-7-The Computer 	LogResource
MA 	LogUser
viewed 	LogAction
resource 	LogInformation
CS260-Lecture-12-13-Prototyping 	LogResource
MA 	LogUser
viewed 	LogAction
resource 	LogInformation
CS260-Lecture3-Designof EverydayThings 	LogResource
MA 	LogUser
viewed 	LogAction
resource 	LogInformation
CS260-Lecture4-6-TheHuman 	LogResource
MA 	LogUser
viewed 	LogAction
resource 	LogInformation
CS260 Human Computer Interaction 	LogResource
MA 	LogUser
viewed 	LogAction
resource 	LogInformation
CS260-Lecture11-UCD 	LogResource
MA 	LogUser
viewed 	LogAction
resource 	LogInformation
CS260-Lecture2-Introduction HCI 	LogResource
MA 	LogUser
viewed 	LogAction
resource 	LogInformation
CS260-Lecture-10b-HCI Projects 	LogResource
MA 	LogUser
viewed 	LogAction
resource 	LogInformation
CS260-Lecture-9-10-DontMakeMeThink 	LogResource
MA 	LogUser
viewed 	LogAction
resource 	LogInformation
CS260-Lecture-7-The Computer 	LogResource
MA 	LogUser
viewed 	LogAction
resource 	LogInformation
CS260-Lecture-12-13-Prototyping 	LogResource
MA 	LogUser
viewed 	LogAction
resource 	LogInformation
CS260-Lecture3-Designof EverydayThings 	LogResource
MA 	LogUser
viewed 	LogAction
resource 	LogInformation
CS260-Lecture4-6-TheHuman 	LogResource
MA 	LogUser
viewed 	LogAction
resource 	LogInformation
CS260 Human Computer Interaction 	LogResource
MA 	LogUser
viewed 	LogAction
resource 	LogInformation
CS260-Lecture11-UCD 	LogResource
MA 	LogUser
viewed 	LogAction
resource 	LogInformation
CS260-Lecture2-Introduction HCI 	LogResource
MA 	LogUser
viewed 	LogAction
resource 	LogInformation
CS260-Lecture-10b-HCI Projects 	LogResource
MA 	LogUser
viewed 	LogAction
resource 	LogInformation
CS260-Lecture-9-10-DontMakeMeThink 	LogResource
MA 	LogUser
viewed 	LogAction
resource 	LogInformation
CS260-Lecture-7-The Computer 	LogResource
MA 	LogUser
viewed 	LogAction
resource 	LogInformation
CS260-Lecture-12-13-Prototyping 	LogResource
MA 	LogUser
viewed 	LogAction
resource 	LogInformation
CS260-Lecture3-Designof EverydayThings 	LogResource
MA 	LogUser
viewed 	LogAction
resource 	LogInformation
CS260-Lecture4-6-TheHuman 	LogResource
MA 	LogUser
viewed 	LogAction
resource 	LogInformation
CS260 Human Computer Interaction 	LogResource
MA 	LogUser
viewed 	LogAction
resource 	LogInformation
CS260-Lecture11-UCD 	LogResource
MA 	LogUser
viewed 	LogAction
resource 	LogInformation
CS260-Lecture2-Introduction HCI 	LogResource
MA 	LogUser
viewed 	LogAction
resource 	LogInformation
CS260-Lecture-10b-HCI Projects 	LogResource
MA 	LogUser
viewed 	LogAction
resource 	LogInformation
CS260-Lecture-9-10-DontMakeMeThink 	LogResource
MA 	LogUser
viewed 	LogAction
resource 	LogInformation
CS260-Lecture-7-The Computer 	LogResource
MA 	LogUser
viewed 	LogAction
resource 	LogInformation
CS260-Lecture-12-13-Prototyping 	LogResource
MA 	LogUser
viewed 	LogAction
resource 	LogInformation
CS260-Lecture3-Designof EverydayThings 	LogResource
MA 	LogUser
viewed 	LogAction
resource 	LogInformation
CS260-Lecture4-6-TheHuman 	LogResource
MA 	LogUser
viewed 	LogAction
resource 	LogInformation
CS260 Human Computer Interaction 	LogResource
MA 	LogUser
viewed 	LogAction
resource 	LogInformation
CS260-Lecture11-UCD 	LogResource
MA 	LogUser
viewed 	LogAction
resource 	LogInformation
CS260-Lecture2-Introduction HCI 	LogResource
CS260-Lecture-10b-HCI Projects 	LogResource
CS260-Lecture-9-10-DontMakeMeThink 	LogResource
CS260-Lecture-7-The Computer 	LogResource
CS260-Lecture-12-13-Prototyping 	LogResource
CS260-Lecture3-Designof EverydayThings 	LogResource
CS260-Lecture4-6-TheHuman 	LogResource
CS260-Lecture11-UCD 	LogResource
CS260-Lecture-10b-HCI Projects 	LogResource
CS260-Lecture-9-10-DontMakeMeThink 	LogResource
CS260-Lecture-7-The Computer 	LogResource
CS260-Lecture-12-13-Prototyping 	LogResource
CS260-Lecture3-Designof EverydayThings 	LogResource
CS260-Lecture4-6-TheHuman 	LogResource
CS260-Lecture11-UCD 	LogResource
CS260-Lecture-10b-HCI Projects 	LogResource
CS260-Lecture-9-10-DontMakeMeThink 	LogResource
CS260-Lecture-7-The Computer 	LogResource
CS260-Lecture-12-13-Prototyping 	LogResource
CS260-Lecture3-Designof EverydayThings 	LogResource
CS260-Lecture4-6-TheHuman 	LogResource
CS260 Human Computer Interaction 	LogResource
CS260-Lecture11-UCD 	LogResource
CS260-Lecture2-Introduction HCI 	LogResource
CS260-Lecture-10b-HCI Projects 	LogResource
CS260-Lecture-9-10-DontMakeMeThink 	LogResource
CS260-Lecture-7-The Computer 	LogResource
CS260-Lecture-12-13-Prototyping 	LogResource
CS260-Lecture3-Designof EverydayThings 	LogResource
CS260-Lecture4-6-TheHuman 	LogResource
CS260-Lecture11-UCD 	LogResource
CS260-Lecture-10b-HCI Projects 	LogResource
CS260-Lecture-9-10-DontMakeMeThink 	LogResource
CS260-Lecture-7-The Computer 	LogResource
CS260-Lecture-12-13-Prototyping 	LogResource
CS260-Lecture3-Designof EverydayThings 	LogResource
CS260-Lecture4-6-TheHuman 	LogResource
CS260-Lecture11-UCD a	LogResource
CS260-Lecture2-Introduction HCI.	LogResource
Understandable/Confusing Design 	LogResource
CS260 Human Computer Interaction 	LogResource
News 	LogResource
Learning course 	LogResource
Project across section? 	LogResource
13317 	LogResource
Confusing FORUM Button 	LogResource
Understandable/Confusing Design 	LogResource
CS260 Human Computer Interaction 	LogResource
News forum 	LogResource
Learning course 	LogResource
Project across section? 	LogResource
13317 	LogResource
Confusing FORUM Button 	LogResource
Understandable/Confusing Design 	LogResource
CS260 Human Computer Interaction 	LogResource
News forum 	LogResource
Learning course 	LogResource
Project across section? 	LogResource
13317 	LogResource
Confusing FORUM Button 	LogResource
Understandable/Confusing Design 	LogResource
CS260 Human Computer Interaction 	LogResource
News forum 	LogResource
Learning course 	LogResource
Project across section? 	LogResource
13317 	LogResource
M	LogResource
Understandable/Confusing Design 	LogResource
CS260 Human Computer Interaction 	LogResource
News forum 	LogResource
Learning course 	LogResource
Project across section? 	LogResource
13317 	LogResource
Confusing FORUM Button 	LogResource
Understandable/Confusing Design 	LogResource
CS260 Human Computer Interaction 	LogResource
News forum 	LogResource
Learning course 	LogResource
Project across section? 	LogResource
13317 	LogResource
Confusing FORUM Button 	LogResource
Understandable/Confusing Design 	LogResource
Understandable/Confusing Design 	LogResource
CS260 Human Computer Interaction 	LogResource
News forum 	LogResource
News forum 	LogResource
Learning course 	LogResource
Learning course 	LogResource
Project across section? 	LogResource
Project across section? 	LogResource
13317 	LogResource
13317 	LogResource
Confusing FORUM Button 	LogResource
Confusing FORUM Button.	LogResource
Confusing Design 	LogResource
Confusing Points Table 	LogResource
Understandable/Confusing Design 	LogResource
CS260 Human Computer Interaction 	LogResource
Confusing Design 	LogResource
Confusing Design 	LogResource
Confusing Points Table 	LogResource
Confusing Points Table 	LogResource
Understandable/Confusing Design 	LogResource
derstandable/Confusing Design 	LogResource
CS260 Human Computer Interaction 	LogResource
CS260 Human Computer Interaction 	LogResource
Confusing Design 	LogResource
Confusing Points Table 	LogResource
Understandable/Confusing Design 	LogResource
CS260 Human Computer Interaction 	LogResource
Confusing Design 	LogResource
Confusing Points Table 	LogResource
Understandable/Confusing Design 	LogResource
CS260 Human Computer Interaction 	LogResource
Confusing Design 	LogResource
Confusing Points Table 	LogResource
Understandable/Confusing Design 	LogResource
course 	LogInformation
CS260 Human Computer Interaction.	LogResource
Understandable/Confusing Design 	LogResource
Web Browsers tabs issue 	LogResource
Understandable/Confusing Design 	LogResource
Web Browsers tabs issue.	LogResource
Understandable/Confusing Design 	LogResource
Web Browsers tabs issue 	LogResource
Understandable/Confusing Design 	LogResource
Web Browsers tabs issue.	LogResource
CS260 Human Computer Interaction 	LogResource
Understandable/Confusing Design 	LogResource
HCI 	LogResource
Forum posts Description 	LogResource
Web Browsers tabs issue 	LogResource
bad design 	LogResource
CS260 Human Computer Interaction 	LogResource
CS260 Human Computer Interaction 	LogResource
Understandable/Confusing Design 	LogResource
Understandable/Confusing Design 	LogResource
HCI 	LogResource
HCI 	LogResource
Forum posts Description 	LogResource
Forum posts Description 	LogResource
Web Browsers tabs issue 	LogResource
Web Browsers tabs issue 	LogResource
bad design 	LogResource
bad design 	LogResource
CS260 Human Computer Interaction 	LogResource
Understandable/Confusing Design 	LogResource
HCI 	LogResource
Forum posts Description 	LogResource
Web Browsers tabs issue 	LogResource
bad design 	LogResource
60 Human Computer Interaction 	LogResource
Understandable/Confusing Design 	LogResource
HCI 	LogResource
rum posts Description 	LogResource
Web Browsers tabs issue 	LogResource
bad design 	LogResource
CS260 Human Computer Interaction 	LogResource
Understandable/Confusing Design 	LogResource
HCI 	LogResource
Forum posts Description 	LogResource
Web Browsers tabs issue 	LogResource
bad design 	LogResource
CS260 Human Computer Interaction 	LogResource
Understandable/Confusing Design 	LogResource
HCI 	LogResource
Forum posts Description 	LogResource
Web Browsers tabs issue 	LogResource
bad design.	LogResource
forum discussion 	LogInformation
AS 	LogUser
added 	LogAction
added 	LogAction
forum discussion 	LogInformation
AS 	LogUser
AS 	LogUser
added 	LogAction
forum discussion 	LogInformation
forum discussion 	LogInformation
added 	LogAction
AS 	LogUser
forum discussion 	LogInformation
added 	LogAction
AS 	LogUser
forum discussion 	LogInformation
added 	LogAction
viewed 	LogAction
forum discussion 	LogInformation
SMH 	LogUser
viewed 	LogAction
forum discussion 	LogInformation
viewed 	LogAction
SMH 	LogUser
forum discussion 	LogInformation
SMH 	LogUser
viewed 	LogAction
forum discussion 	LogInformation
SMH 	LogUser
forum discussion 	LogInformation
viewed 	LogAction
SMH 	LogUser
forum discussion 	LogInformation
SMH 	LogUser
viewed 	LogAction
forum discussion 	LogInformation
viewed 	LogAction
SMH 	LogUser
forum discussion 	LogInformation
viewed 	LogAction
SMH 	LogUser
forum discussion 	LogInformation
viewed 	LogAction
SMH 	LogUser
forum discussion 	LogInformation
viewed 	LogAction
SMH 	LogUser
forum discussion 	LogInformation
viewed 	LogAction
SMH 	LogUser
forum discussion 	LogInformation
viewed 	LogAction
SMH 	LogUser
forum discussion 	LogInformation
viewed 	LogAction
SMH 	LogUser
forum discussion 	LogInformation
viewed 	LogAction
SMH 	LogUser
forum discussion 	LogInformation
viewed 	LogAction
SMH 	LogUser
forum discussion 	LogInformation
viewed 	LogAction
SMH 	LogUser
forum discussion 	LogInformation
viewed 	LogAction
SMH 	LogUser
forum discussion 	LogInformation
forum topic 	LogInformation
SMH 	LogUser
viewed 	LogAction
viewed 	LogAction
SMH 	LogUser
forum topic 	LogInformation
viewed 	LogAction
AS 	LogUser
forum topic 	LogInformation
viewed 	LogAction
SMH 	LogUser
forum topic 	LogInformation
viewed 	LogAction
AS 	LogUser
forum topic 	LogInformation
viewed 	LogAction
SMH 	LogUser
forum topic 	LogInformation
viewed 	LogAction
AS 	LogUser
forum topic 	LogInformation
viewed 	LogAction
SMH 	LogUser
forum topic 	LogInformation
viewed 	LogAction
AS 	LogUser
forum topic 	LogInformation
viewed 	LogAction
SMH 	LogUser
forum topic 	LogInformation
M	LogUser
viewed 	LogAction
AS 	LogUser
forum topic 	LogInformation
viewed 	LogAction
SMH 	LogUser
forum topic 	LogInformation
viewed 	LogAction
AS 	LogUser
course 	LogInformation
viewed 	LogAction
SA 	LogUser
course 	LogInformation
viewed 	LogAction
SA 	LogUser
course 	LogInformation
viewed 	LogAction
SA 	LogUser
course 	LogInformation
M	LogInformation
SA 	LogUser
viewed 	LogAction
course 	LogInformation
viewed 	LogAction
course 	LogInformation
viewed 	LogAction
SA 	LogUser
forum discussion 	LogInformation
added 	LogAction
ML 	LogUser
forum discussion 	LogInformation
added 	LogAction
ML 	LogUser
forum topic 	LogInformation
viewed 	LogAction
ML 	LogUser
forum topic 	LogInformation
viewed 	LogAction
ML 	LogUser
forum discussion 	LogInformation
added 	LogAction
ML 	LogUser
forum discussion 	LogInformation
added 	LogAction
ML 	LogUser
forum topic 	LogInformation
viewed 	LogAction
ML 	LogUser
forum topic 	LogInformation
viewed 	LogAction
ML 	LogUser
viewed 	LogAction
AUM 	LogUser
course 	LogInformation
viewed 	LogAction
AUM 	LogUser
course 	LogInformation
viewed 	LogAction
AUM 	LogUser
course 	LogInformation
viewed 	LogAction
AUM 	LogUser
updated 	LogAction
the post 	LogInformation
the post 	LogInformation
updated 	LogAction
SAEH 	LogUser
the post 	LogInformation
updated 	LogAction
SAEH 	LogUser
the post 	LogInformation
updated 	LogAction
SAEH 	LogUser
forum topic 	LogInformation
viewed 	LogAction
SAEH 	LogUser
forum topic 	LogInformation
viewed 	LogAction
SAEH 	LogUser
forum topic 	LogInformation
viewed 	LogAction
SAEH 	LogUser
forum topic 	LogInformation
viewed 	LogAction
SAEH 	LogUser
forum discussion 	LogInformation
viewed 	LogAction
SAEH 	LogUser
forum discussion 	LogInformation
added 	LogAction
SAEH 	LogUser
forum discussion 	LogInformation
viewed 	LogAction
SAEH 	LogUser
forum discussion 	LogInformation
added 	LogAction
SAEH 	LogUser
forum discussion 	LogInformation
viewed 	LogAction
SAEH 	LogUser
forum discussion 	LogInformation
added 	LogAction
SAEH 	LogUser
viewed 	LogAction
forum discussion 	LogInformation
SAEH 	LogUser
forum discussion 	LogInformation
SAEH 	LogUser
added 	LogAction
forum discussion 	LogInformation
viewed 	LogAction
KK 	LogUser
forum discussion 	LogInformation
viewed 	LogAction
KK 	LogUser
forum discussion 	LogInformation
viewed 	LogAction
KK 	LogUser
forum discussion 	LogInformation
viewed 	LogAction
KK 	LogUser
forum discussion 	LogInformation
viewed 	LogAction
SAEH 	LogUser
added 	LogAction
forum discussion 	LogInformation
forum discussion 	LogInformation
viewed 	LogAction
SAEH 	LogUser
forum discussion 	LogInformation
added 	LogAction
SAEH 	LogUser
forum discussion 	LogInformation
viewed 	LogAction
SAEH 	LogUser
forum discussion 	LogInformation
added 	LogAction
SAEH 	LogUser
forum discussion 	LogInformation
SAEH 	LogUser
forum discussion 	LogInformation
added 	LogAction
SAEH 	LogUser
forum discussion 	LogInformation
viewed 	LogAction
SAEH 	LogUser
forum discussion 	LogInformation
added 	LogAction
SAEH 	LogUser
forum discussion 	LogInformation
viewed 	LogAction
SAEH 	LogUser
forum discussion 	LogInformation
added 	LogAction
forum discussion 	LogInformation
viewed 	LogAction
forum discussion 	LogInformation
added 	LogAction
SAEH 	LogUser
CS260 Human Computer Interaction	LogResource
forum discussion 	LogInformation
viewed 	LogAction
SAEH 	LogUser
forum discussion 	LogInformation
added 	LogAction
SAEH 	LogUser
forum discussion 	LogInformation
viewed 	LogAction
SAEH 	LogUser
forum discussion 	LogInformation
SAEH 	LogUser
added 	LogAction
forum discussion 	LogInformation
viewed 	LogAction
SAEH 	LogUser
forum discussion 	LogInformation
viewed 	LogAction
forum discussion 	LogInformation
SAEH 	LogUser
viewed 	LogAction
forum discussion 	LogInformation
SAEH 	LogUser
viewed 	LogAction
forum discussion 	LogInformation
SAEH 	LogUser
viewed 	LogAction
forum discussion 	LogInformation
SAEH 	LogUser
viewed 	LogAction
forum discussion 	LogInformation
SAEH 	LogUser
viewed 	LogAction
forum discussion 	LogInformation
SAEH 	LogUser
viewed 	LogAction
forum discussion 	LogInformation
viewed 	LogAction
SAEH 	LogUser
forum discussion 	LogInformation
viewed 	LogAction
SAEH 	LogUser
viewed 	LogAction
forum discussion 	LogInformation
SAEH 	LogUser
forum discussion 	LogInformation
viewed 	LogAction
SAEH 	LogUser
forum discussion 	LogInformation
viewed 	LogAction
SAEH 	LogUser
forum discussion 	LogInformation
viewed 	LogAction
SAEH 	LogUser
forum discussion 	LogInformation
viewed 	LogAction
SAE	LogUser
forum discussion 	LogInformation
viewed 	LogAction
SAEH 	LogUser
SAEH 	LogUser
forum discussion 	LogInformation
viewed 	LogAction
viewed 	LogAction
SAEH 	LogUser
forum discussion 	LogInformation
viewed 	LogAction
SAEH 	LogUser
forum discussion 	LogInformation
Confusing FORUM Button 	LogResource
forum discussion 	LogInformation
SAEH 	LogUser
viewed 	LogAction
forum discussion 	LogInformation
SAEH 	LogUser
viewed 	LogAction
forum discussion 	LogInformation
viewed 	LogAction
SAEH 	LogUser
forum discussion 	LogInformation
viewed 	LogAction
SAEH 	LogUser
forum discussion 	LogInformation
viewed 	LogAction
SAEH 	LogUser
forum discussion 	LogInformation
viewed 	LogAction
SAEH 	LogUser
forum discussion 	LogInformation
viewed 	LogAction
SAEH 	LogUser
forum discussion 	LogInformation
SAEH 	LogUser
viewed 	LogAction
forum topic 	LogInformation
SAEH 	LogUser
viewed 	LogAction
 t	LogInformation
viewed 	LogAction
SAEH 	LogUser
forum topic 	LogInformation
SAEH 	LogUser
viewed 	LogAction
forum topic 	LogInformation
SAEH 	LogUser
viewed 	LogAction
forum topic 	LogInformation
SAEH 	LogUser
viewed 	LogAction
forum topic 	LogInformation
viewed 	LogAction
SAEH 	LogUser
forum topic 	LogInformation
viewed 	LogAction
SAEH 	LogUser
forum topic 	LogInformation
viewed 	LogAction
SAEH 	LogUser
forum topic 	LogInformation
viewed 	LogAction
SAEH 	LogUser
course 	LogInformation
viewed 	LogAction
SAEH 	LogUser
viewed 	LogAction
course 	LogInformation
SAEH 	LogUser
course 	LogInformation
viewed 	LogAction
SAEH 	LogUser
course 	LogInformation
viewed 	LogAction
SAEH 	LogUser
course 	LogInformation
viewed 	LogAction
SAEH 	LogUser
course 	LogUser
viewed 	LogAction
SAEH 	LogUser
course 	LogInformation
SAEH 	LogUser
viewed 	LogAction
viewed 	LogAction
course 	LogInformation
SAEH 	LogUser
SAEH 	LogUser
viewed 	LogAction
course 	LogInformation
forum topic 	LogInformation
viewed 	LogAction
forum topic 	LogInformation
viewed 	LogAction
SAEH 	LogUser
SAEH 	LogUser
viewed 	LogAction
forum topic 	LogInformation
viewed 	LogAction
SAEH 	LogUser
forum topic 	LogInformation
viewed 	LogAction
SAEH 	LogUser
forum topic 	LogInformation
viewed 	LogAction
SAEH 	LogUser
forum topic 	LogInformation
viewed 	LogAction
SAEH 	LogUser
forum topic 	LogInformation
viewed 	LogAction
SAEH 	LogUser
forum topic 	LogInformation
viewed 	LogAction
SAEH 	LogUser
resource 	LogInformation
viewed 	LogAction
MA 	LogUser
resource 	LogInformation
viewed 	LogAction
MA 	LogUser
CS260 Human Computer Interaction 	LogResource
resource 	LogInformation
viewed 	LogAction
MA 	LogUser
viewed 	LogAction
resource 	LogInformation
MA 	LogUser
viewed 	LogAction
resource 	LogInformation
MA 	LogUser
viewed 	LogAction
resource 	LogInformation
MA 	LogUser
resource 	LogInformation
MA 	LogUser
viewed 	LogAction
resource 	LogInformation
MA 	LogUser
viewed 	LogAction
viewed 	LogAction
resource 	LogInformation
MA 	LogUser
CS260-Lecture2-Introduction HCI 	LogResource
resource 	LogInformation
MA 	LogUser
viewed 	LogAction
viewed 	LogAction
viewed 	LogAction
resource 	LogInformation
MA 	LogUser
MA 	LogUser
resource 	LogInformation
CS260 Human Computer Interaction 	LogResource
MA 	LogUser
resource 	LogInformation
viewed 	LogAction
viewed 	LogAction
resource 	LogInformation
MA 	LogUser
viewed 	LogAction
resource 	LogInformation
MA 	LogUser
viewed 	LogAction
resource 	LogInformation
MA 	LogUser
viewed 	LogAction
resource 	LogInformation
MA 	LogUser
viewed 	LogAction
resource 	LogInformation
MA 	LogUser
viewed 	LogAction
course 	LogInformation
MA 	LogUser
viewed 	LogAction
course 	LogInformation
MA 	LogUser
course 	LogInformation
MA 	LogUser
viewed 	LogAction
viewed 	LogAction
MA 	LogUser
course 	LogInformation
MA 	LogUser
viewed 	LogAction
course 	LogInformation
viewed 	LogAction
MA 	LogUser
course 	LogInformation
viewed 	LogAction
MA 	LogUser
course 	LogUser
viewed 	LogAction
MA 	LogUser
MA 	LogUser
viewed 	LogAction
course 	LogInformation
viewed 	LogAction
MA 	LogUser
resource 	LogInformation
CS260-Lecture2-Introduction HCI 	LogResource
MA 	LogUser
resource 	LogInformation
viewed 	LogAction
viewed 	LogAction
resource 	LogInformation
MA 	LogUser
CS260 Human Computer Interaction 	LogResource
MA 	LogUser
viewed 	LogAction
resource 	LogInformation
resource 	LogInformation
viewed 	LogAction
MA 	LogUser
viewed 	LogAction
resource 	LogInformation
MA 	LogUser
resource 	LogInformation
viewed 	LogAction
MA 	LogUser
resource 	LogInformation
MA 	LogUser
viewed 	LogAction
viewed 	LogAction
resource 	LogInformation
MA 	LogUser
resource 	LogAction
viewed 	LogAction
resource 	LogInformation
MA 	LogUser
viewed 	LogAction
resource 	LogInformation
MA 	LogUser
resource 	LogInformation
CS260 Human Computer Interaction 	LogResource
viewed 	LogAction
MA 	LogUser
MA 	LogUser
viewed 	LogAction
resource 	LogInformation
viewed 	LogAction
resource 	LogInformation
MA 	LogUser
viewed 	LogAction
resource 	LogInformation
MA 	LogUser
MA 	LogUser
viewed 	LogAction
resource 	LogInformation
viewed 	LogAction
MA 	LogUser
viewed 	LogAction
MA 	LogUser
resource 	LogInformation
Understandable/Confusing Design 	LogResource
Understandable/Confusing Design 	LogResource
General HCI Discussions 	LogResource
General HCI Discussions 	LogResource
CS260 Human Computer Interaction 	LogResource
CS260 Human Computer Interaction 	LogResource
Forum posts Description 	LogResource
Forum posts Description 	LogResource
Re: Forum posts Description 	LogResource
Re: Forum posts Description 	LogResource
Understandable/Confusing Design 	LogResource
General HCI Discussions 	LogResource
CS260 Human Computer Interaction 	LogResource
Forum posts Description 	LogResource
Re: Forum posts Description 	LogResource
Understandable/Confusing Design 	LogResource
General HCI Discussions 	LogResource
CS260 Human Computer Interaction 	LogResource
Forum posts Description 	LogResource
e:	LogResource
Re: Forum posts Description 	LogResource
Understandable/Confusing Design 	LogResource
Understandable/Confusing Design 	LogResource
Understandable/Confusing Design 	LogResource
General HCI Discussions 	LogResource
General HCI Discussions 	LogResource
General HCI Discussions 	LogResource
CS260 Human Computer Interaction 	LogResource
CS260 Human Computer Interaction 	LogResource
CS260 Human Computer Interaction 	LogResource
Forum posts Description 	LogResource
Forum posts Description 	LogResource
Forum posts Description 	LogResource
Re: Forum posts Description 	LogResource
Re: Forum posts Description 	LogResource
Re: Forum posts Description 	LogResource
Understandable/Confusing Design 	LogResource
General HCI Discussions 	LogResource
CS260 Human Computer Interaction 	LogResource
Forum posts Description 	LogResource
Re: Forum posts Description.	LogResource
Understandable/Confusing Design 	LogResource
Understandable/Confusing Design 	LogResource
General HCI Discussions 	LogResource
General HCI Discussions 	LogResource
CS260 Human Computer Interaction 	LogResource
CS260 Human Computer Interaction 	LogResource
Forum posts Description 	LogResource
Forum posts Description 	LogResource
Re: Forum posts Description 	LogResource
Re: Forum posts Description 	LogResource
Understandable/Confusing Design 	LogResource
General HCI Discussions 	LogResource
CS260 Human Computer Interaction 	LogResource
Forum posts Description 	LogResource
Re: Forum posts Description 	LogResource
Understandable/Confusing Design 	LogResource
course 	LogInformation
forum topic 	LogInformation
General HCI Discussions 	LogResource
course 	LogInformation
course 	LogInformation
CS260 Human Computer Interaction 	LogResource
course 	LogInformation
Forum posts Description 	LogResource
course 	LogInformation
Re: Forum posts Description 	LogResource
forum discussion 	LogInformation
Understandable/Confusing Design 	LogResource
forum discussion 	LogInformation
Understandable/Confusing Design 	LogResource
forum discussion 	LogInformation
Understandable/Confusing Design 	LogResource
forum discussion 	LogInformation
General HCI Discussions 	LogInformation
forum discussion 	LogInformation
General HCI Discussions 	LogResource
forum discussion 	LogInformation
General HCI Discussions 	LogResource
forum discussion 	LogInformation
CS260 Human Computer Interaction 	LogResource
forum discussion 	LogInformation
CS260 Human Computer Interaction 	LogResource
forum discussion 	LogInformation
CS260 Human Computer Interaction 	LogResource
forum discussion 	LogInformation
Forum posts Description 	LogResource
forum discussion 	LogInformation
Forum posts Description 	LogResource
forum discussion 	LogInformation
Forum posts Description 	LogResource
forum discussion 	LogInformation
Re: Forum posts Description 	LogResource
forum discussion 	LogInformation
Re: Forum posts Description 	LogResource
forum discussion 	LogInformation
Re: Forum posts Description 	LogResource
Understandable/Confusing Design 	LogResource
General HCI Discussions 	LogResource
CS260 Human Computer Interaction 	LogResource
Forum posts Description 	LogResource
Re: Forum posts Description.	LogResource
forum topic 	LogInformation
Understandable/Confusing Design 	LogResource
forum topic 	LogInformation
Understandable/Confusing Design 	LogResource
forum topic 	LogInformation
General HCI Discussions 	LogResource
forum topic 	LogInformation
General HCI Discussions 	LogResource
forum topic 	LogInformation
CS260 Human Computer Interaction 	LogResource
forum topic 	LogInformation
CS260 Human Computer Interaction 	LogResource
forum topic 	LogInformation
Forum posts Description 	LogResource
forum topic 	LogInformation
Forum posts Description 	LogResource
forum topic 	LogInformation
Re: Forum posts Description 	LogResource
forum topic 	LogInformation
Re: Forum posts Description 	LogResource
forum topic 	LogInformation
Understandable/Confusing Design 	LogResource
forum topic 	LogInformation
General HCI Discussions 	LogResource
forum topic 	LogResource
CS260 Human Computer Interaction 	LogResource
forum topic 	LogInformation
Forum posts Description 	LogResource
forum topic 	LogInformation
Re: Forum posts Description 	LogResource
course 	LogInformation
Understandable/Confusing Design 	LogResource
course 	LogInformation
General HCI Discussions 	LogResource
course 	LogInformation
CS260 Human Computer Interaction 	LogResource
course 	LogInformation
Forum posts Description 	LogResource
course 	LogInformation
Re: Forum posts Description 	LogResource
forum discussion 	LogInformation
Understandable/Confusing Design 	LogResource
forum discussion 	LogInformation
Understandable/Confusing Design 	LogResource
forum discussion 	LogInformation
Understandable/Confusing Design 	LogResource
forum discussion 	LogInformation
General HCI Discussions 	LogResource
forum discussion 	LogInformation
General HCI Discussions 	LogResource
forum discussion 	LogInformation
General HCI Discussions 	LogResource
forum discussion 	LogInformation
CS260 Human Computer Interaction 	LogResource
forum discussion 	LogInformation
CS260 Human Computer Interaction 	LogResource
forum discussion 	LogInformation
CS260 Human Computer Interaction 	LogResource
forum discussion 	LogInformation
Forum posts Description 	LogResource
forum discussion 	LogInformation
Forum posts Description 	LogResource
forum discussion 	LogInformation
Forum posts Description 	LogResource
forum discussion 	LogInformation
Re: Forum posts Description 	LogResource
forum discussion 	LogInformation
Re: Forum posts Description 	LogResource
forum discussion 	LogInformation
Re: Forum posts Description 	LogResource
Understandable/Confusing Design 	LogResource
General HCI Discussions 	LogResource
CS260 Human Computer Interaction 	LogResource
Forum posts Description 	LogResource
Re: Forum posts Description.	LogResource
SMH 	LogUser
added 	LogAction
assignment 	LogInformation
CS260 Human Computer Interaction 	LogResource
HM 	LogUser
added 	LogAction
assignment 	LogInformation
Assignment2 	LogResource
SMH 	LogUser
added 	LogAction
assignment 	LogInformation
Assignment2 	LogResource
HM 	LogUser
added 	LogAction
assignment 	LogInformation
CS260-Lecture-33-35-AdaptiveUserInterfaces 	LogResource
SMH 	LogUser
added 	LogAction
assignment 	LogInformation
CS260-Lecture-33-35-AdaptiveUserInterfaces 	LogResource
HM 	LogUser
added 	LogAction
assignment 	LogInformation
CS260-Lecture28-29-DesignRules 	LogResource
SMH 	LogUser
added 	LogAction
assignment 	LogInformation
CS260-Lecture28-29-DesignRules 	LogResource
added 	LogAction
HM 	LogUser
assignment 	LogInformation
Assignment3 	LogResource
SMH 	LogUser
added 	LogAction
assignment 	LogInformation
Assignment3 	LogResource
HM 	LogUser
added 	LogAction
assignment 	LogInformation
assign 7630 	LogResource
SMH 	LogUser
added 	LogAction
assignment 	LogInformation
assign 7630 	LogResource
HM 	LogUser
added 	LogAction
assignment 	LogInformation
Assignment3 - Prototyping, User modeling, and adaptive interafces 	LogResource
SMH 	LogUser
added 	LogAction
assignment 	LogInformation
Assignment3 - Prototyping, User modeling, and adaptive interafces 	LogResource
HM 	LogUser
added 	LogAction
assignment 	LogInformation
resource 139863 	LogResource
SMH 	LogUser
added 	LogAction
assignment 	LogInformation
resource 139863 	LogResource
HM 	LogUser
viewed 	LogAction
resource 	LogInformation
CS260 Human Computer Interaction 	LogResource
HM 	LogUser
updated 	LogAction
forum 	LogInformation
forum 14325 	LogResource
HM 	LogUser
updated 	LogAction
the post 	LogInformation
Understandable/Confusing Design 	LogResource
updated 	LogAction
HM 	LogUser
the post 	LogInformation
forum 14325 	LogResource
HM 	LogUser
updated 	LogAction
the post 	LogInformation
General HCI Discussions 	LogResource
HM 	LogUser
updated 	LogAction
the post 	LogInformation
A tricoder.	LogResource
posted 	LogAction
AM 	LogUser
posted 	LogAction
AM 	LogUser
AM 	LogUser
posted 	LogAction
AM 	LogUser
posted 	LogAction
HM 	LogUser
viewed 	LogAction
SA 	LogUser
viewed 	LogAction
viewed 	LogAction
AM 	LogUser
viewed 	LogAction
AM 	LogUser
viewed 	LogAction
viewed 	LogAction
HM 	LogUser
viewed 	LogAction
SA 	LogUser
viewed 	LogAction
AM 	LogUser
HM 	LogUser
viewed 	LogAction
viewed 	LogAction
SA 	LogUser
viewed 	LogAction
AM 	LogUser
M	LogAction
SA 	LogUser
viewed 	LogAction
viewed 	LogAction
AM 	LogUser
viewed 	LogAction
AM 	LogUser
AM 	LogUser
viewed 	LogAction
AM 	LogUser
viewed 	LogAction
viewed 	LogAction
AM 	LogUser
viewed 	LogAction
AM 	LogUser
viewed 	LogAction
AM 	LogUser
AM 	LogUser
viewed 	LogAction
viewed 	LogAction
AM 	LogUser
AM 	LogUser
viewed 	LogAction
AM 	LogUser
viewed 	LogAction
viewed 	LogAction
SA 	LogUser
viewed 	LogAction
AM 	LogUser
viewed 	LogAction
SA 	LogUser
viewed 	LogAction
AM 	LogUser
viewed 	LogAction
SA 	LogUser
viewed 	LogAction
AM 	LogUser
SA 	LogUser
viewed 	LogAction
AM 	LogUser
viewed 	LogAction
viewed 	LogAction
SA 	LogUser
viewed 	LogAction
AM 	LogUser
posted 	LogAction
AM 	LogUser
posted 	LogAction
AM 	LogUser
posted 	LogAction
AM 	LogUser
posted 	LogAction
AM 	LogUser
AM 	LogUser
posted 	LogAction
viewed 	LogAction
HM 	LogUser
SA 	LogUser
viewed 	LogAction
viewed 	LogAction
AM 	LogUser
viewed 	LogAction
HM 	LogUser
viewed 	LogAction
SA 	LogUser
viewed 	LogAction
AM 	LogUser
viewed 	LogAction
HM 	LogUser
viewed 	LogAction
SA 	LogUser
viewed 	LogAction
AM 	LogUser
viewed 	LogAction
HM 	LogUser
viewed 	LogAction
SA 	LogUser
viewed 	LogAction
AM 	LogUser
viewed 	LogAction
HM 	LogUser
viewed 	LogAction
viewed 	LogAction
and 	Other
AM 	LogUser
viewed 	LogAction
AM 	LogUser
AM 	LogUser
viewed 	LogAction
AM 	LogUser
viewed 	LogAction
viewed 	LogAction
AM 	LogUser
viewed 	LogAction
AM 	LogUser
viewed 	LogAction
AM 	LogUser
viewed 	LogAction
forum topic 	LogInformation
viewed 	LogAction
AM 	LogUser
AM 	LogUser
viewed 	LogAction
forum topic 	LogInformation
viewed 	LogAction
forum topic 	LogInformation
AM 	LogUser
forum topic 	LogInformation
viewed 	LogAction
SA 	LogUser
forum topic 	LogInformation
viewed 	LogAction
AM 	LogUser
forum topic 	LogInformation
viewed 	LogAction
AM 	LogUser
SA 	LogUser
viewed 	LogAction
forum topic 	LogInformation
forum topic 	LogInformation
viewed 	LogAction
SA 	LogUser
viewed 	LogAction
forum topic 	LogInformation
AM 	LogUser
viewed 	LogAction
forum topic 	LogInformation
viewed 	LogAction
AM 	LogUser
forum topic 	LogInformation
forum topic 	LogInformation
viewed 	LogAction
SA 	LogUser
forum topic 	LogInformation
viewed 	LogAction
AM 	LogUser
posted 	LogAction
posted 	LogAction
AM 	LogUser
AM 	LogUser
posted 	LogAction
AM 	LogUser
posted 	LogAction
AM 	LogUser
AM 	LogUser
posted 	LogAction
forum discussion 	LogInformation
viewed 	LogAction
HM 	LogUser
SA 	LogUser
viewed 	LogAction
forum discussion 	LogInformation
forum discussion 	LogInformation
viewed 	LogAction
AM 	LogUser
forum discussion 	LogInformation
viewed 	LogAction
HM 	LogUser
forum discussion 	LogInformation
viewed 	LogAction
SA 	LogUser
forum discussion 	LogInformation
viewed 	LogAction
AM 	LogUser
forum discussion 	LogInformation
viewed 	LogAction
HM 	LogUser
forum discussion 	LogInformation
viewed 	LogAction
SA 	LogUser
forum discussion 	LogInformation
viewed 	LogAction
AM 	LogUser
forum discussion 	LogInformation
viewed 	LogAction
HM 	LogUser
forum discussion 	LogInformation
viewed 	LogAction
SA 	LogUser
forum discussion 	LogInformation
viewed 	LogAction
AM 	LogUser
forum discussion 	LogInformation
viewed 	LogAction
HM 	LogUser
forum discussion 	LogInformation
viewed 	LogAction
forum discussion 	LogInformation
viewed 	LogAction
AM 	LogUser
AM 	LogUser
course 	LogInformation
viewed 	LogAction
AM 	LogUser
viewed 	LogAction
course 	LogInformation
course 	LogInformation
viewed 	LogAction
AM 	LogUser
course 	LogInformation
viewed 	LogAction
course 	LogInformation
viewed 	LogAction
AM 	LogUser
forum topic 	LogInformation
viewed 	LogAction
AM 	LogUser
forum topic 	LogInformation
viewed 	LogAction
forum topic 	LogInformation
viewed 	LogAction
AM 	LogUser
viewed 	LogAction
forum topic 	LogInformation
forum topic 	LogInformation
viewed 	LogAction
AM 	LogUser
forum topic 	LogInformation
viewed 	LogAction
SA 	LogUser
forum topic 	LogInformation
viewed 	LogAction
forum topic 	LogInformation
viewed 	LogAction
AM 	LogUser
SA 	LogUser
viewed 	LogAction
forum topic 	LogInformation
forum topic 	LogInformation
viewed 	LogAction
SA 	LogUser
forum topic 	LogInformation
viewed 	LogAction
AM 	LogUser
SA 	LogUser
viewed 	LogAction
forum topic 	LogInformation
forum topic 	LogInformation
AM 	LogUser
viewed 	LogAction
SA 	LogUser
forum topic 	LogInformation
viewed 	LogAction
forum topic 	LogInformation
viewed 	LogAction
AM 	LogUser
and 	Other
to 	Other
and 	Other
to 	Other
and 	Other
to 	Other
and 	Other
has 	LogAction
has 	LogAction
and 	Other
and 	Other
has 	LogAction
M	Other
and 	Other
has 	LogAction
and 	Other
has 	LogAction
has 	LogAction
and 	Other
to 	Other
to 	Other
and 	Other
has 	LogAction
and 	Other
and 	Other
has 	LogAction
to 	Other
and 	Other
to 	Other
has 	LogAction
and 	Other
has 	LogAction
to 	Other
has 	LogAction
and 	Other
and 	Other
has 	LogAction
has 	LogAction
and 	Other
has 	Other
and 	Other
has 	LogAction
to 	Other
has 	LogAction
has 	LogAction
has 	LogAction
and 	Other
has 	LogAction
to 	Other
and 	Other
has 	LogAction
has 	LogAction
has 	LogAction
has 	LogAction
has 	LogAction
and 	Other
to 	Other
has 	LogAction
has 	LogAction
has 	LogAction
has 	LogAction
has 	LogAction
and 	Other
to 	Other
to 	Other
and 	Other
has 	LogAction
to 	Other
and 	Other
has 	LogAction
to 	Other
and 	Other
to 	Other
and 	Other
has 	LogAction
and 	Other
has 	LogAction
to 	Other
and 	Other
to 	Other
and 	Other
to 	Other
and 	Other
to 	Other
has 	LogAction
and 	Other
and 	Other
and 	Other
and 	Other
has 	LogAction
has 	LogAction
has 	LogAction
has 	LogAction
and 	Other
has 	LogAction
and 	Other
has 	LogAction
and 	Other
has 	LogAction
and 	Other
and 	Other
has 	LogAction
has 	LogAction
and 	Other
has 	LogAction
and 	Other
has 	LogAction
has 	LogAction
has 	LogAction
and 	Other
and 	Other
and 	Other
has 	LogAction
has 	LogAction
and 	Other
has 	LogAction
and 	Other
and 	Other
has 	LogAction
and 	Other
has 	LogAction
and 	Other
has 	Other
and 	Other
and 	Other
has 	LogAction
has 	LogAction
has 	LogAction
and 	Other
has 	LogAction
and 	Other
has 	LogAction
and 	Other
and 	Other
has 	LogAction
and 	Other
has 	LogAction
has 	LogAction
and 	Other
has 	LogAction
and 	Other
has 	LogAction
and 	Other
has 	LogAction
and 	Other
has 	LogAction
and 	Other
has 	LogAction
and 	Other
has 	LogAction
and 	Other
and 	Other
has 	LogAction
and 	Other
has 	LogAction
and 	Other
has 	LogAction
has 	LogAction
and 	LogInformation
has 	LogAction
and 	LogInformation
has 	LogAction
and 	Other
and 	Other
has 	LogAction
and 	Other
and 	Other
has 	LogAction
has 	LogAction
has 	LogAction
and 	Other
has 	LogAction
has 	LogAction
has 	LogAction
and 	Other
has 	LogAction
and 	Other
has 	LogAction
and 	Other
has 	LogAction
and 	Other
has 	LogAction
and 	Other
has 	LogAction
and 	Other
has 	LogAction
has 	LogAction
and 	Other
has 	LogAction
and 	Other
has 	LogAction
and 	Other
has 	LogAction
has 	LogAction
and 	Other
and 	Other
has 	LogAction
has 	LogAction
and 	Other
has 	LogAction
and 	Other
has 	LogAction
and 	Other
has 	LogAction
and 	Other
has 	LogAction
course 	Other
has 	LogAction
has 	LogAction
and 	Other
and 	Other
has 	LogAction
and 	Other
has 	LogAction
and 	Other
has 	LogAction
and 	Other
HCI 	LogUser
and 	LogUser
and 	Other
has 	LogAction
CS260 Human Computer Interaction 	LogResource
and 	Other
has 	LogAction
has 	LogAction
and 	Other
and 	Other
has 	LogAction
and 	Other
and 	Other
has 	LogAction
has 	LogAction
and 	Other
has 	LogAction
and 	Other
has 	LogAction
and 	Other
and 	Other
has 	LogAction
and 	Other
has 	LogAction
and 	Other
has 	LogAction
and 	Other
has 	LogAction
and 	Other
has 	LogAction
and 	Other
has 	LogAction
and 	Other
has 	LogAction
and 	Other
has 	LogAction
and 	Other
has 	LogAction
has 	LogAction
and 	Other
has 	LogAction
and 	Other
has 	LogAction
and 	Other
has 	LogAction
and 	Other
has 	LogAction
and 	Other
has 	LogAction
and 	Other
has 	LogAction
has 	LogAction
and 	Other
has 	LogAction
and 	Other
has 	LogAction
and 	Other
has 	LogAction
has 	LogAction
and 	Other
has 	LogAction
and 	Other
has 	LogAction
and 	Other
and 	Other
has 	LogAction
and 	Other
has 	LogAction
and 	Other
has 	LogAction
and 	Other
has 	LogAction
and 	Other
has 	LogAction
and 	Other
has 	LogAction
and 	Other
has 	LogAction
and 	Other
has 	LogAction
and 	Other
and 	Other
has 	LogAction
and 	Other
has 	LogAction
has 	LogAction
and 	Other
and 	Other
and 	Other
has 	LogAction
and 	Other
has 	LogAction
and 	Other
has 	LogAction
has 	LogAction
and 	Other
and 	Other
has 	LogAction
and 	Other
has 	LogAction
and 	Other
has 	LogAction
and 	Other
and 	Other
has 	LogAction
and 	Other
has 	LogAction
and 	Other
has 	LogAction
and 	Other
has 	LogAction
has 	LogAction
and 	Other
and 	Other
has 	LogAction
and 	Other
has 	LogAction
and 	Other
Bad cup design! 	LogResource
and 	Other
and 	Other
has 	LogAction
and 	Other
and 	Other
has 	LogAction
and 	Other
has 	LogAction
and 	Other
has 	LogAction
and 	Other
has 	LogAction
and 	Other
has 	LogAction
and 	Other
has 	LogAction
and 	Other
has 	LogAction
and 	Other
has 	LogAction
and 	Other
has 	LogAction
has 	LogAction
and 	Other
has 	LogAction
and 	Other
has 	LogAction
and 	Other
and 	Other
has 	LogAction
and 	Other
has 	LogAction
and 	Other
and 	Other
has 	LogAction
has 	LogAction
and 	Other
has 	LogAction
and 	Other
and 	Other
has 	LogAction
and 	Other
has 	LogAction
has 	LogAction
and 	Other
has 	LogAction
and 	Other
has 	LogAction
and 	Other
has 	LogAction
and 	Other
and 	Other
and 	Other
has 	LogAction
has 	LogAction
has 	LogAction
has 	LogAction
and 	Other
and 	Other
and 	Other
has 	LogAction
and 	Other
has 	LogAction
and 	Other
has 	LogAction
and 	Other
has 	LogAction
has 	LogAction
and 	Other
has 	LogAction
and 	Other
has 	LogAction
and 	Other
has 	LogAction
has 	LogAction
and 	Other
has 	LogAction
and 	LogInformation
and 	Other
has 	LogAction
and 	Other
has 	LogAction
and 	Other
has 	LogAction
and 	Other
has 	LogAction
and 	Other
has 	LogAction
has 	LogAction
and 	Other
has 	LogAction
has 	LogAction
and 	Other
has 	LogAction
has 	LogAction
and 	Other
and 	Other
has 	LogAction
and 	Other
has 	LogAction
and 	Other
has 	LogAction
and 	Other
has 	LogAction
and 	Other
has 	LogAction
and 	Other
has 	LogAction
and 	Other
has 	LogAction
and 	Other
has 	LogAction
and 	Other
has 	LogAction
and 	Other
has 	LogAction
has 	LogAction
and 	Other
and 	Other
has 	LogAction
and 	Other
has 	LogAction
and 	Other
has 	LogAction
and 	Other
has 	LogAction
and 	Other
has 	LogAction
and 	Other
has 	LogAction
and 	Other
has 	LogAction
and 	Other
has 	LogAction
and 	Other
has 	LogAction
and 	Other
has 	LogAction
has 	LogAction
and 	Other
and 	Other
has 	LogAction
and 	Other
has 	LogAction
and 	Other
has 	LogAction
and 	Other
has 	LogAction
and 	Other
has 	LogAction
and 	Other
has 	LogAction
and 	Other
has 	LogAction
and 	Other
has 	LogAction
and 	Other
has 	LogAction
and 	Other
has 	LogAction
and 	Other
has 	LogAction
and 	Other
has 	LogAction
and 	Other
has 	LogAction
has 	LogAction
and 	Other
and 	Other
has 	LogAction
and 	Other
has 	LogAction
and 	Other
has 	LogAction
and 	Other
has 	LogAction
CS260-Lecture2-Introduction HCI 	LogResource
and 	Other
has 	LogAction
and 	Other
has 	LogAction
and 	Other
has 	LogAction
and 	Other
has 	LogAction
and 	Other
has 	LogAction
and 	Other
has 	LogAction
and 	Other
has 	LogAction
and 	Other
has 	LogAction
and 	Other
has 	LogAction
and 	Other
and 	Other
has 	LogAction
and 	Other
has 	LogAction
and 	Other
has 	LogAction
has 	LogAction
and 	Other
and 	Other
has 	LogAction
and 	Other
has 	LogAction
and 	Other
has 	LogAction
and 	Other
has 	LogAction
and 	Other
has 	LogAction
and 	Other
has 	LogAction
and 	Other
has 	LogAction
and 	Other
has 	LogAction
and 	Other
and 	Other
has 	LogAction
has 	LogAction
and 	Other
and 	Other
has 	LogAction
and 	LogAction
and 	Other
has 	LogAction
and 	Other
has 	LogAction
and 	Other
has 	LogAction
and 	Other
has 	LogAction
and 	Other
has 	LogAction
and 	Other
and 	Other
has 	LogAction
and 	Other
has 	LogAction
and 	Other
has 	LogAction
and 	Other
has 	LogAction
and 	Other
has 	LogAction
and 	Other
has 	LogAction
and 	Other
has 	LogAction
and 	Other
has 	LogAction
FORUM 	Other
has 	LogAction
and 	Other
has 	LogAction
and 	Other
has 	LogAction
and 	Other
has 	LogAction
and 	Other
has 	LogAction
and 	Other
has 	LogAction
and 	Other
has 	LogAction
and 	Other
has 	LogAction
and 	Other
has 	LogAction
and 	Other
has 	LogAction
and 	Other
has 	LogAction
and 	Other
has 	LogAction
and 	Other
has 	LogAction
and 	Other
has 	LogAction
and 	Other
has 	LogAction
and 	Other
has 	LogAction
and 	Other
has 	LogAction
and 	Other
has 	LogAction
and 	Other
has 	LogAction
posted 	LogAction
has 	LogAction
and 	Other
has 	LogAction
and 	Other
AM 	LogUser
has 	LogAction
and 	Other
and 	Other
has 	LogAction
and 	Other
has 	LogAction
and 	Other
has 	LogAction
and 	Other
has 	LogAction
and 	Other
has 	LogAction
has 	LogAction
HM 	LogUser
and 	Other
SA 	LogUser
has 	LogAction
and 	Other
has 	LogAction
and 	Other
has 	LogAction
and 	Other
has 	LogAction
and 	Other
and 	Other
and 	Other
has 	LogAction
has 	LogAction
and 	Other
has 	LogAction
and 	Other
has 	LogAction
viewed 	LogAction
HM 	LogUser
and 	Other
has 	LogAction
and 	Other
has 	LogAction
and 	Other
and 	Other
has 	LogAction
and 	Other
has 	LogAction
has 	LogAction
and 	Other
has 	LogAction
and 	Other
has 	LogAction
and 	Other
has 	LogAction
and 	Other
and 	Other
has 	LogAction
has 	LogAction
and 	Other
and 	Other
has 	LogAction
and 	Other
has 	LogAction
and 	Other
has 	LogAction
has 	LogAction
and 	Other
has 	LogAction
and 	Other
has 	LogAction
and 	Other
has 	LogAction
and 	Other
has 	LogAction
and 	Other
and 	Other
has 	LogAction
and 	Other
has 	LogAction
and 	Other
has 	LogAction
has 	LogAction
and 	Other
has 	Other
has 	LogAction
has 	LogAction
and 	Other
has 	LogAction
and 	Other
and 	Other
has 	LogAction
and 	Other
has 	LogAction
has 	LogAction
and 	Other
and 	Other
has 	LogAction
has 	LogAction
and 	Other
has 	LogAction
and 	Other
has 	LogAction
and 	Other
and 	Other
has 	LogAction
and 	Other
has 	LogAction
has 	LogAction
and 	Other
and 	Other
has 	LogAction
and 	Other
has 	LogAction
and 	Other
has 	LogAction
and 	Other
has 	LogAction
has 	LogAction
SA 	LogUser
and 	Other
has 	LogAction
and 	Other
has 	LogAction
and 	Other
has 	LogAction
and 	Other
has 	LogAction
has 	LogAction
and 	Other
has 	LogAction
and 	Other
and 	Other
AM 	LogUser
has 	LogAction
and 	Other
has 	LogAction
and 	Other
has 	LogAction
and 	Other
has 	LogAction
has 	LogAction
and 	Other
and 	Other
has 	LogAction
and 	Other
has 	LogAction
and 	Other
and 	Other
has 	LogAction
and 	Other
has 	LogAction
and 	Other
has 	LogAction
and 	Other
has 	LogAction
and 	Other
has 	LogAction
and 	Other
and 	Other
has 	LogAction
and 	Other
has 	LogAction
and 	Other
has 	LogAction
and 	Other
has 	LogAction
and 	Other
has 	LogAction
and 	Other
has 	LogAction
and 	Other
has 	LogAction
and 	Other
has 	LogAction
has 	LogAction
and 	Other
and 	Other
has 	LogAction
and 	Other
has 	LogAction
SAEH 	LogUser
has 	LogAction
and 	Other
and 	Other
has 	LogAction
and 	Other
has 	LogAction
and 	Other
has 	LogAction
and 	Other
has 	LogAction
and 	Other
has 	LogAction
and 	Other
has 	LogAction
and 	Other
SAEH 	LogUser
has 	LogAction
and 	Other
and 	Other
SAEH 	LogUser
has 	LogAction
has 	LogAction
and 	Other
has 	LogAction
and 	Other
has 	LogAction
and 	Other
has 	LogAction
and 	Other
has 	LogAction
and 	Other
has 	LogAction
and 	Other
and 	Other
has 	LogAction
has 	LogAction
and 	Other
and 	Other
has 	LogAction
SAEH 	LogUser
and 	Other
has 	LogAction
has 	LogAction
and 	Other
has 	LogAction
and 	Other
has 	LogAction
and 	Other
and 	Other
has 	LogAction
has 	LogAction
and 	Other
has 	LogAction
and 	Other
has 	LogAction
has 	LogAction
and 	Other
has 	LogAction
and 	Other
and 	Other
has 	LogAction
has 	LogAction
and 	Other
and 	Other
has 	LogAction
and 	Other
has 	LogAction
and 	Other
has 	LogAction
has 	LogAction
and 	Other
and 	Other
has 	LogAction
and 	Other
has 	LogAction
and 	Other
has 	LogAction
and 	Other
has 	LogAction
SAEH 	LogUser
and 	Other
and 	Other
has 	LogAction
and 	Other
has 	LogAction
has 	LogAction
and 	Other
and 	Other
has 	LogAction
has 	LogAction
and 	Other
has 	LogAction
and 	Other
has 	LogAction
and 	Other
has 	LogAction
and 	Other
has 	LogAction
and 	Other
has 	LogAction
has 	LogAction
and 	Other
has 	LogAction
and 	Other
has 	LogAction
and 	Other
and 	Other
has 	LogAction
and 	Other
has 	LogAction
has 	LogAction
SA 	LogUser
and 	Other
and 	Other
has 	LogAction
has 	LogAction
and 	Other
has 	LogAction
and 	Other
has 	LogAction
has 	LogAction
and 	Other
has 	LogAction
and 	Other
has 	LogAction
and 	Other
has 	LogAction
and 	Other
has 	LogAction
and 	Other
has 	LogAction
and 	Other
has 	LogAction
and 	Other
has 	LogAction
and 	Other
has 	LogAction
and 	Other
has 	LogAction
and 	Other
has 	LogAction
and 	Other
has 	LogAction
and 	Other
has 	LogAction
and 	Other
has 	LogAction
and 	Other
has 	LogAction
and 	Other
has 	LogAction
and 	Other
has 	LogAction
and 	Other
has 	LogAction
SA 	LogUser
and 	Other
has 	LogAction
and 	Other
has 	LogAction
and 	Other
has 	LogAction
and 	Other
has 	LogAction
and 	Other
has 	LogAction
AM 	LogUser
and 	Other
has 	LogAction
and 	Other
has 	LogAction
and 	Other
AM 	LogUser
has 	LogAction
and 	Other
has 	LogAction
AM 	LogUser
and 	Other
has 	LogAction
and 	Other
has 	LogAction
and 	Other
has 	LogAction
and 	Other
has 	LogAction
AM 	LogUser
and 	Other
has 	LogAction
and 	Other
has 	LogAction
and 	Other
has 	LogAction
and 	Other
has 	LogAction
and 	Other
has 	LogAction
and 	Other
has 	LogAction
and 	Other
has 	LogAction
and 	Other
has 	LogAction
has 	LogAction
and 	Other
has 	LogAction
and 	Other
the 	Other
the 	Other
the 	Other
has 	LogAction
and 	Other
the 	Other
has 	LogAction
and 	Other
the 	Other
has 	LogAction
AS 	LogUser
and 	Other
has 	LogAction
and 	Other
has 	LogAction
and 	Other
has 	LogAction
and 	Other
and 	Other
has 	LogAction
and 	Other
has 	LogAction
and 	Other
has 	LogAction
and 	Other
has 	LogAction
and 	Other
has 	LogAction
and 	Other
and 	Other
has 	LogAction
has 	LogAction
and 	Other
has 	LogAction
and 	Other
has 	LogAction
and 	Other
has 	LogAction
the 	Other
and 	Other
has 	LogAction
the 	Other
has 	LogAction
and 	Other
SA 	LogUser
has 	LogAction
and 	Other
has 	LogAction
and 	Other
has 	LogAction
and 	Other
has 	LogAction
and 	Other
has 	LogAction
and 	Other
has 	LogAction
and 	Other
has 	LogAction
and 	Other
has 	LogAction
and 	Other
has 	LogAction
and 	Other
has 	LogAction
and 	Other
has 	LogAction
and 	Other
has 	LogAction
and 	Other
has 	LogAction
and 	Other
has 	LogAction
and 	Other
has 	LogAction
and 	Other
has 	LogAction
and 	Other
has 	LogAction
has 	LogAction
and 	Other
has 	LogAction
and 	Other
has 	LogAction
and 	Other
has 	LogAction
and 	Other
has 	LogAction
and 	Other
has 	LogAction
and 	Other
has 	LogAction
has 	LogAction
and 	Other
has 	LogAction
and 	Other
has 	LogAction
and 	Other
has 	LogAction
and 	Other
has 	LogAction
and 	Other
and 	Other
has 	LogAction
has 	LogAction
and 	Other
has 	LogAction
and 	Other
has 	LogAction
and 	Other
has 	LogAction
and 	Other
has 	LogAction
and 	Other
and 	Other
has 	LogAction
and 	Other
has 	LogAction
